0,26,111,114
0,27,179,180
0,28,357,336
0,29,137,145
0,30,120,114
0,31,241,234
0,32,324,298
0,33,126,118
0,34,59.8,79
0,35,148,162
0,36,229,247
0,37,152,148
0,38,87.2,113
0,39,146,176
0,40,180,185
0,41,457,402
0,42,123,151
0,43,296,310
0,44,282,255
0,45,140,148
0,46,142,164
0,47,359,335
0,48,179,165
0,49,69.1,90
0,50,161,184
0,51,44.3,63
0,52,105,127
0,53,19.7,30
0,54,356,319
0,55,128,145
0,56,314,277
0,57,235,213
0,58,179,185
0,59,54.8,65
0,60,143,138
0,61,258,237
0,62,106,129
0,63,312,288
0,64,212,203
0,65,74.3,84
0,66,86.2,91
0,67,167,191
0,68,262,261
0,69,444,438
0,70,184,193
0,71,416,375
0,72,132,147
0,73,76.3,80
0,74,102,107
0,75,197,199
0,76,22.8,36
0,77,51.7,68
0,78,50.5,64
0,79,118,128
0,80,428,383
0,81,78.5,83
0,82,90.6,96
0,83,192,179
0,84,152,159
0,85,39.2,47
0,86,180,168
0,87,180,203
0,88,148,147
0,89,124,123
0,90,249,254
0,91,382,339
0,92,351,311
1,26,72.7,79
1,27,142,145
1,28,319,301
1,29,99.4,110
1,30,97.6,99
1,31,250,225
1,32,286,263
1,33,186,170
1,34,40,56
1,35,99.2,124
1,36,289,299
1,37,114,113
1,38,127,160
1,39,119,141
1,40,142,150
1,41,419,367
1,42,69,90
1,43,258,275
1,44,244,220
1,45,103,113
1,46,168,171
1,47,321,300
1,48,141,130
1,49,107,139
1,50,200,208
1,51,60.6,74
1,52,130,164
1,53,85,85
1,54,318,284
1,55,138,138
1,56,276,242
1,57,197,178
1,58,141,150
1,59,15.7,26
1,60,203,190
1,61,220,202
1,62,80,101
1,63,274,253
1,64,174,168
1,65,134,136
1,66,48.3,56
1,67,185,180
1,68,271,252
1,69,429,432
1,70,146,158
1,71,378,340
1,72,143,142
1,73,47.3,58
1,74,85.5,95
1,75,206,190
1,76,64,67
1,77,109,115
1,78,79.6,111
1,79,69.6,91
1,80,390,348
1,81,139,135
1,82,52,70
1,83,105,126
1,84,161,149
1,85,20.3,31
1,86,142,133
1,87,153,168
1,88,110,112
1,89,69.5,83
1,90,211,220
1,91,344,304
1,92,313,276
2,26,170,160
2,27,239,225
2,28,416,382
2,29,197,190
2,30,162,153
2,31,210,181
2,32,383,343
2,33,65.5,65
2,34,115,113
2,35,208,207
2,36,169,194
2,37,212,193
2,38,50.5,69
2,39,198,209
2,40,239,230
2,41,517,448
2,42,195,190
2,43,330,345
2,44,342,301
2,45,200,193
2,46,112,134
2,47,360,378
2,48,239,211
2,49,52.5,68
2,50,141,145
2,51,92.5,95
2,52,89.3,109
2,53,45.3,52
2,54,416,364
2,55,150,176
2,56,374,322
2,57,294,258
2,58,239,230
2,59,118,127
2,60,83.1,85
2,61,317,282
2,62,159,161
2,63,372,333
2,64,272,249
2,65,24.4,38
2,66,146,136
2,67,146,174
2,68,241,216
2,69,384,385
2,70,244,239
2,71,475,420
2,72,111,129
2,73,119,118
2,74,144,146
2,75,183,203
2,76,76,77
2,77,45.1,58
2,78,77.4,95
2,79,178,173
2,80,488,428
2,81,9.5,20
2,82,133,135
2,83,235,218
2,84,151,176
2,85,104,103
2,86,239,213
2,87,232,236
2,88,208,192
2,89,166,162
2,90,283,290
2,91,442,384
2,92,410,356
3,26,76.4,84
3,27,50.6,57
3,28,270,256
3,29,55,59
3,30,153,131
3,31,319,273
3,32,237,217
3,33,313,273
3,34,142,163
3,35,37.5,51
3,36,369,390
3,37,63.8,66
3,38,253,247
3,39,129,145
3,40,6.6,12
3,41,370,322
3,42,66.2,70
3,43,237,234
3,44,195,175
3,45,103,116
3,46,266,245
3,47,272,255
3,48,92.1,85
3,49,233,225
3,50,298,281
3,51,178,185
3,52,239,242
3,53,208,185
3,54,269,238
3,55,204,180
3,56,227,196
3,57,148,132
3,58,119,123
3,59,150,141
3,60,330,293
3,61,171,156
3,62,118,138
3,63,225,207
3,64,125,123
3,65,261,239
3,66,102,107
3,67,252,222
3,68,346,297
3,69,498,481
3,70,33.5,41
3,71,329,294
3,72,241,215
3,73,135,120
3,74,186,163
3,75,279,237
3,76,182,178
3,77,241,223
3,78,195,195
3,79,76.9,90
3,80,341,302
3,81,265,238
3,82,127,116
3,83,26,29
3,84,231,200
3,85,151,156
3,86,92.6,87
3,87,149,143
3,88,59.3,63
3,89,94.5,90
3,90,190,178
3,91,295,258
3,92,264,230
4,26,82.1,80
4,27,151,145
4,28,328,302
4,29,109,110
4,30,83.2,78
4,31,236,204
4,32,295,263
4,33,173,165
4,34,49.5,58
4,35,120,127
4,36,221,294
4,37,124,113
4,38,112,139
4,39,128,142
4,40,151,150
4,41,429,368
4,42,74,99
4,43,267,275
4,44,253,221
4,45,112,113
4,46,154,151
4,47,331,301
4,48,151,131
4,49,92.5,118
4,50,186,188
4,51,51.8,70
4,52,115,143
4,53,68.3,76
4,54,328,284
4,55,123,117
4,56,286,242
4,57,206,178
4,58,151,150
4,59,6.4,9
4,60,190,184
4,61,229,203
4,62,89.5,101
4,63,284,253
4,64,184,169
4,65,121,131
4,66,57.7,56
4,67,171,160
4,68,257,231
4,69,415,412
4,70,156,159
4,71,387,341
4,72,129,121
4,73,32.9,37
4,74,71.1,75
4,75,192,170
4,76,55.2,64
4,77,101,112
4,78,64.7,90
4,79,89.6,93
4,80,400,348
4,81,126,130
4,82,46.6,52
4,83,137,134
4,84,146,129
4,85,17.4,27
4,86,151,133
4,87,163,168
4,88,120,113
4,89,68.7,78
4,90,220,220
4,91,354,305
4,92,322,277
5,26,34,41
5,27,103,106
5,28,280,263
5,29,57.4,64
5,30,132,121
5,31,285,247
5,32,247,224
5,33,198,174
5,34,36.8,57
5,35,68.2,82
5,36,302,303
5,37,75.5,74
5,38,183,179
5,39,83,104
5,40,99.6,105
5,41,381,329
5,42,69.5,87
5,43,219,236
5,44,205,182
5,45,63.8,74
5,46,203,194
5,47,283,262
5,48,102,92
5,49,166,163
5,50,234,231
5,51,73.1,78
5,52,172,188
5,53,97.6,89
5,54,280,245
5,55,172,160
5,56,237,203
5,57,158,139
5,58,102,111
5,59,56.8,57
5,60,216,194
5,61,181,163
5,62,54.2,65
5,63,236,214
5,64,136,130
5,65,147,140
5,66,5.7,10
5,67,220,203
5,68,305,274
5,69,463,455
5,70,104,113
5,71,339,302
5,72,177,164
5,73,81.8,80
5,74,120,118
5,75,241,213
5,76,76.5,71
5,77,122,119
5,78,116,140
5,79,38.1,48
5,80,352,309
5,81,151,139
5,82,95.5,95
5,83,86.8,101
5,84,195,172
5,85,46.1,50
5,86,103,94
5,87,117,131
5,88,71.8,73
5,89,79.2,103
5,90,172,181
5,91,306,265
5,92,274,237
6,26,92.8,92
6,27,72.8,78
6,28,167,172
6,29,82.1,86
6,30,250,219
6,31,403,345
6,32,134,133
6,33,317,272
6,34,149,155
6,35,111,115
6,36,420,401
6,37,50.8,53
6,38,302,277
6,39,85.6,95
6,40,107,97
6,41,267,238
6,42,177,167
6,43,133,150
6,44,91.6,91
6,45,84.7,90
6,46,321,292
6,47,169,171
6,48,25.6,28
6,49,284,262
6,50,353,329
6,51,191,176
6,52,290,286
6,53,216,187
6,54,166,154
6,55,290,258
6,56,124,112
6,57,44.5,48
6,58,45,56
6,59,175,155
6,60,334,292
6,61,67.6,72
6,62,103,118
6,63,122,123
6,64,18.4,30
6,65,265,238
6,66,121,111
6,67,338,301
6,68,424,372
6,69,582,553
6,70,111,107
6,71,226,211
6,72,296,262
6,73,200,178
6,74,238,216
6,75,359,311
6,76,195,169
6,77,240,217
6,78,234,238
6,79,129,128
6,80,238,218
6,81,270,237
6,82,214,193
6,83,136,126
6,84,314,270
6,85,164,148
6,86,21.5,26
6,87,52.1,60
6,88,68.1,70
6,89,205,187
6,90,86.6,94
6,91,192,174
6,92,160,146
7,26,28.5,42
7,27,58.1,72
7,28,235,230
7,29,41.8,51
7,30,187,169
7,31,340,295
7,32,202,191
7,33,253,222
7,34,81.4,93
7,35,66.7,83
7,36,357,350
7,37,32.9,41
7,38,239,227
7,39,46,56
7,40,81.7,91
7,41,336,295
7,42,106,131
7,43,166,184
7,44,160,148
7,45,14.3,22
7,46,258,242
7,47,196,216
7,48,57.7,58
7,49,221,211
7,50,290,278
7,51,106,114
7,52,227,235
7,53,153,137
7,54,235,212
7,55,227,208
7,56,193,170
7,57,99.1,105
7,58,49,58
7,59,112,104
7,60,271,241
7,61,120,130
7,62,42,51
7,63,159,179
7,64,91.1,97
7,65,202,188
7,66,57.9,61
7,67,275,251
7,68,361,322
7,69,519,502
7,70,86.2,100
7,71,294,268
7,72,233,212
7,73,137,128
7,74,175,165
7,75,296,260
7,76,132,119
7,77,177,167
7,78,171,187
7,79,58.5,76
7,80,307,276
7,81,206,187
7,82,151,143
7,83,84.4,105
7,84,250,219
7,85,101,97
7,86,52.2,62
7,87,79,82
7,88,30.4,41
7,89,136,154
7,90,119,128
7,91,261,232
7,92,229,204
8,26,216,197
8,27,196,182
8,28,61.3,76
8,29,205,191
8,30,373,324
8,31,526,450
8,32,38.8,47
8,33,440,377
8,34,246,248
8,35,234,219
8,36,543,506
8,37,174,157
8,38,425,382
8,39,180,175
8,40,230,202
8,41,147,139
8,42,300,271
8,43,91,106
8,44,49.2,53
8,45,193,191
8,46,444,397
8,47,80.5,93
8,48,160,145
8,49,407,366
8,50,476,433
8,51,271,270
8,52,413,390
8,53,339,292
8,54,46.3,55
8,55,413,363
8,56,8.8,15
8,57,94.9,89
8,58,162,155
8,59,298,260
8,60,457,397
8,61,68.8,72
8,62,205,204
8,63,64.6,82
8,64,119,114
8,65,388,343
8,66,244,216
8,67,461,406
8,68,547,477
8,69,705,658
8,70,234,211
8,71,106,112
8,72,419,367
8,73,323,283
8,74,361,321
8,75,482,416
8,76,318,274
8,77,363,322
8,78,357,342
8,79,252,232
8,80,118,119
8,81,393,342
8,82,337,298
8,83,259,230
8,84,437,375
8,85,287,253
8,86,150,137
8,87,137,131
8,88,191,175
8,89,328,291
8,90,88.1,92
8,91,72.3,76
8,92,40.6,48
9,26,29.6,42
9,27,74.5,95
9,28,287,273
9,29,40.1,52
9,30,152,146
9,31,313,276
9,32,254,234
9,33,227,203
9,34,65.3,86
9,35,45.8,57
9,36,330,332
9,37,69.4,83
9,38,212,208
9,39,92.7,116
9,40,77.2,89
9,41,387,339
9,42,59.9,76
9,43,226,246
9,44,212,192
9,45,70.6,84
9,46,231,223
9,47,289,272
9,48,109,102
9,49,194,193
9,50,263,260
9,51,102,107
9,52,200,217
9,53,126,118
9,54,287,255
9,55,200,189
9,56,244,213
9,57,165,149
9,58,109,121
9,59,85.2,86
9,60,244,223
9,61,188,173
9,62,63.2,79
9,63,242,224
9,64,143,140
9,65,175,169
9,66,24.8,30
9,67,248,232
9,68,334,303
9,69,492,484
9,70,84.5,100
9,71,346,311
9,72,206,193
9,73,110,109
9,74,148,147
9,75,269,242
9,76,105,100
9,77,150,148
9,78,144,169
9,79,12.3,20
9,80,359,319
9,81,180,168
9,82,98.9,111
9,83,59.7,70
9,84,224,201
9,85,74.5,79
9,86,110,104
9,87,127,143
9,88,51.8,65
9,89,88.8,104
9,90,179,191
9,91,313,275
9,92,281,247
10,26,115,108
10,27,183,171
10,28,361,330
10,29,142,138
10,30,62.4,64
10,31,223,198
10,32,329,291
10,33,192,171
10,34,82.7,86
10,35,134,134
10,36,225,291
10,37,157,141
10,38,133,144
10,39,162,170
10,40,139,126
10,41,462,396
10,42,75.2,79
10,43,300,303
10,44,287,249
10,45,145,141
10,46,141,144
10,47,364,329
10,48,184,159
10,49,113,123
10,50,172,181
10,51,79.6,104
10,52,119,140
10,53,88.1,82
10,54,361,312
10,55,110,111
10,56,319,270
10,57,239,206
10,58,184,178
10,59,31.8,40
10,60,210,190
10,61,262,231
10,62,123,129
10,63,317,282
10,64,217,197
10,65,141,137
10,66,90.9,84
10,67,158,153
10,68,243,224
10,69,401,405
10,70,166,154
10,71,420,369
10,72,115,115
10,73,9.3,19
10,74,57.7,68
10,75,178,163
10,76,83,98
10,77,121,120
10,78,75.3,92
10,79,98.1,114
10,80,433,376
10,81,145,135
10,82,12.7,23
10,83,115,107
10,84,133,122
10,85,52,59
10,86,184,161
10,87,196,196
10,88,153,141
10,89,46.1,50
10,90,254,248
10,91,387,333
10,92,355,305
11,26,257,231
11,27,313,276
11,28,503,453
11,29,283,261
11,30,112,99
11,31,67.8,69
11,32,470,414
11,33,136,152
11,34,224,209
11,35,264,239
11,36,158,188
11,37,298,265
11,38,104,112
11,39,303,293
11,40,269,231
11,41,603,519
11,42,206,184
11,43,442,427
11,44,428,372
11,45,286,264
11,46,64.3,74
11,47,505,452
11,48,325,282
11,49,115,131
11,50,85.3,108
11,51,221,227
11,52,82.3,94
11,53,181,185
11,54,502,435
11,55,69.3,73
11,56,460,393
11,57,381,330
11,58,325,301
11,59,181,163
11,60,135,159
11,61,404,354
11,62,264,252
11,63,458,405
11,64,358,320
11,65,146,160
11,66,232,207
11,67,20.9,32
11,68,88.5,96
11,69,246,276
11,70,296,259
11,71,562,492
11,72,42.2,49
11,73,155,140
11,74,114,109
11,75,23.6,36
11,76,212,212
11,77,197,219
11,78,125,144
11,79,254,243
11,80,574,499
11,81,153,177
11,82,169,157
11,83,245,211
11,84,33.6,41
11,85,193,182
11,86,326,284
11,87,337,320
11,88,294,264
11,89,173,153
11,90,395,371
11,91,528,456
11,92,497,428
12,26,133,144
12,27,202,210
12,28,380,367
12,29,160,175
12,30,101,96
12,31,203,190
12,32,347,328
12,33,83.1,99
12,34,108,116
12,35,192,189
12,36,187,229
12,37,175,178
12,38,58.2,72
12,39,180,206
12,40,197,181
12,41,480,432
12,42,134,134
12,43,318,340
12,44,305,285
12,45,163,178
12,46,104,121
12,47,382,366
12,48,202,195
12,49,38.1,51
12,50,123,141
12,51,89.2,100
12,52,66.8,84
12,53,37.7,43
12,54,379,349
12,55,89.8,102
12,56,337,307
12,57,258,243
12,58,202,215
12,59,56.8,71
12,60,102,120
12,61,281,267
12,62,141,166
12,63,335,318
12,64,235,233
12,65,66.5,77
12,66,109,121
12,67,129,147
12,68,224,217
12,69,382,398
12,70,224,209
12,71,439,405
12,72,94.4,104
12,73,57,62
12,74,82.6,89
12,75,159,156
12,76,69,70
12,77,70.8,81
12,78,14.2,21
12,79,141,158
12,80,451,413
12,81,94.9,97
12,82,71.3,78
12,83,173,161
12,84,114,115
12,85,66.7,79
12,86,202,198
12,87,214,233
12,88,171,177
12,89,104,105
12,90,272,285
12,91,405,369
12,92,373,341
13,26,37.4,42
13,27,106,107
13,28,284,264
13,29,64.1,72
13,30,130,117
13,31,282,243
13,32,251,225
13,33,196,170
13,34,32.1,49
13,35,74.9,89
13,36,299,298
13,37,78.9,75
13,38,181,174
13,39,80.3,98
13,40,106,112
13,41,384,330
13,42,73,93
13,43,212,235
13,44,209,183
13,45,67.3,75
13,46,200,189
13,47,286,263
13,48,106,93
13,49,163,159
13,50,232,226
13,51,70.8,73
13,52,170,183
13,53,95.3,84
13,54,283,246
13,55,170,156
13,56,241,204
13,57,162,140
13,58,106,112
13,59,54.4,52
13,60,214,189
13,61,185,164
13,62,47.6,56
13,63,239,215
13,64,139,131
13,65,145,136
13,66,13,18
13,67,218,198
13,68,303,269
13,69,461,450
13,70,111,121
13,71,343,303
13,72,175,160
13,73,79.5,75
13,74,118,113
13,75,238,208
13,76,74.2,67
13,77,120,114
13,78,113,135
13,79,44.9,55
13,80,355,310
13,81,149,135
13,82,93.1,90
13,83,93.5,108
13,84,193,167
13,85,43.8,45
13,86,106,95
13,87,115,125
13,88,75.2,74
13,89,82.7,110
13,90,165,179
13,91,309,266
13,92,277,238
14,26,307,269
14,27,360,318
14,28,553,491
14,29,334,300
14,30,159,142
14,31,11.6,25
14,32,520,453
14,33,165,145
14,34,274,247
14,35,311,281
14,36,108,143
14,37,348,303
14,38,164,162
14,39,353,331
14,40,316,273
14,41,654,557
14,42,253,226
14,43,492,465
14,44,478,410
14,45,337,303
14,46,112,114
14,47,556,490
14,48,375,320
14,49,173,187
14,50,102,108
14,51,271,265
14,52,144,146
14,53,231,223
14,54,553,474
14,55,117,115
14,56,510,432
14,57,431,368
14,58,375,340
14,59,231,201
14,60,150,142
14,61,454,392
14,62,314,291
14,63,509,443
14,64,409,358
14,65,224,208
14,66,282,246
14,67,78.4,88
14,68,34.9,45
14,69,192,227
14,70,343,301
14,71,612,530
14,72,99.7,105
14,73,206,178
14,74,164,148
14,75,42.9,47
14,76,263,250
14,77,270,240
14,78,191,182
14,79,314,283
14,80,625,538
14,81,218,193
14,82,220,195
14,83,292,253
14,84,84,80
14,85,244,221
14,86,376,323
14,87,387,358
14,88,345,302
14,89,220,195
14,90,445,410
14,91,579,494
14,92,547,466
15,26,336,294
15,27,390,343
15,28,583,517
15,29,363,325
15,30,189,167
15,31,24.8,25
15,32,550,478
15,33,166,143
15,34,304,273
15,35,341,307
15,36,86.9,139
15,37,378,328
15,38,165,160
15,39,383,356
15,40,346,298
15,41,683,582
15,42,283,251
15,43,521,490
15,44,508,435
15,45,366,328
15,46,112,112
15,47,585,516
15,48,405,345
15,49,180,183
15,50,102,106
15,51,318,275
15,52,145,144
15,53,265,226
15,54,582,499
15,55,146,141
15,56,540,457
15,57,461,393
15,58,405,365
15,59,261,227
15,60,151,140
15,61,484,417
15,62,344,316
15,63,538,468
15,64,438,384
15,65,225,206
15,66,312,271
15,67,108,113
15,68,23.3,32
15,69,161,197
15,70,373,326
15,71,642,555
15,72,117,127
15,73,235,204
15,74,194,173
15,75,74.3,74
15,76,295,251
15,77,270,238
15,78,192,202
15,79,344,308
15,80,654,563
15,81,218,191
15,82,249,220
15,83,322,279
15,84,114,105
15,85,273,246
15,86,406,348
15,87,417,383
15,88,374,327
15,89,250,220
15,90,475,435
15,91,608,519
15,92,577,491
16,26,157,145
16,27,137,130
16,28,100,111
16,29,147,138
16,30,315,272
16,31,468,398
16,32,67.1,73
16,33,381,325
16,34,188,196
16,35,176,167
16,36,485,453
16,37,115,105
16,38,366,329
16,39,122,122
16,40,171,149
16,41,200,177
16,42,241,219
16,43,91.6,94
16,44,25.1,30
16,45,135,139
16,46,386,344
16,47,103,110
16,48,102,93
16,49,349,314
16,50,417,381
16,51,212,217
16,52,355,338
16,53,281,240
16,54,99.7,94
16,55,355,311
16,56,57.4,51
16,57,36.5,37
16,58,103,102
16,59,240,207
16,60,399,344
16,61,10.4,19
16,62,147,152
16,63,55.5,63
16,64,60.8,62
16,65,330,291
16,66,186,163
16,67,403,353
16,68,488,424
16,69,646,605
16,70,176,159
16,71,159,150
16,72,360,315
16,73,265,230
16,74,303,268
16,75,424,363
16,76,260,222
16,77,305,270
16,78,299,290
16,79,193,180
16,80,172,157
16,81,334,290
16,82,278,245
16,83,201,178
16,84,378,322
16,85,229,200
16,86,91.8,85
16,87,78.6,79
16,88,133,122
16,89,270,239
16,90,29,43
16,91,126,114
16,92,93.9,86
17,26,149,138
17,27,218,204
17,28,395,361
17,29,176,169
17,30,147,136
17,31,246,211
17,32,362,322
17,33,101,95
17,34,86.1,82
17,35,187,186
17,36,205,223
17,37,191,172
17,38,86.4,99
17,39,169,178
17,40,218,209
17,41,496,426
17,42,180,174
17,43,300,314
17,44,320,279
17,45,159,166
17,46,167,162
17,47,331,347
17,48,217,189
17,49,79.7,91
17,50,177,174
17,51,63.3,64
17,52,121,134
17,53,31.6,35
17,54,395,343
17,55,155,167
17,56,353,301
17,57,234,235
17,58,194,200
17,59,102,107
17,60,119,114
17,61,255,261
17,62,129,130
17,63,294,309
17,64,251,228
17,65,52.6,62
17,66,125,115
17,67,181,205
17,68,277,246
17,69,419,414
17,70,222,218
17,71,454,399
17,72,147,160
17,73,103,101
17,74,129,129
17,75,224,221
17,76,51.7,53
17,77,7.2,18
17,78,77.6,85
17,79,156,152
17,80,467,407
17,81,54.3,60
17,82,118,118
17,83,219,201
17,84,179,180
17,85,82.6,82
17,86,218,192
17,87,203,204
17,88,187,171
17,89,151,145
17,90,254,258
17,91,421,363
17,92,389,335
18,26,143,129
18,27,212,195
18,28,389,352
18,29,169,160
18,30,102,93
18,31,223,213
18,32,356,313
18,33,121,108
18,34,87.8,93
18,35,180,177
18,36,225,237
18,37,184,163
18,38,69.4,91
18,39,174,190
18,40,198,178
18,41,489,417
18,42,135,131
18,43,328,325
18,44,314,270
18,45,172,163
18,46,124,144
18,47,391,351
18,48,211,180
18,49,51.2,67
18,50,143,163
18,51,68.5,76
18,52,86.4,107
18,53,17,20
18,54,388,334
18,55,109,125
18,56,346,292
18,57,267,228
18,58,211,200
18,59,57.8,67
18,60,139,128
18,61,290,252
18,62,135,142
18,63,344,303
18,64,244,219
18,65,70,74
18,66,118,106
18,67,148,170
18,68,243,240
18,69,401,421
18,70,225,206
18,71,448,390
18,72,114,127
18,73,58.3,59
18,74,83.9,86
18,75,179,179
18,76,48.3,47
18,77,50.1,58
18,78,32.1,43
18,79,150,143
18,80,460,398
18,81,74.3,73
18,82,72.6,75
18,83,174,158
18,84,133,138
18,85,50.5,62
18,86,212,183
18,87,208,217
18,88,180,162
18,89,106,102
18,90,281,270
18,91,414,354
18,92,383,326
19,26,132,127
19,27,201,193
19,28,329,346
19,29,158,158
19,30,134,129
19,31,259,223
19,32,296,308
19,33,114,107
19,34,66.8,64
19,35,169,175
19,36,218,236
19,37,173,161
19,38,99.5,112
19,39,150,160
19,40,201,198
19,41,478,415
19,42,167,167
19,43,281,297
19,44,303,268
19,45,140,149
19,46,180,175
19,47,312,329
19,48,200,178
19,49,82,99
19,50,190,187
19,51,44.1,47
19,52,119,142
19,53,18.5,29
19,54,377,332
19,55,142,160
19,56,335,290
19,57,215,218
19,58,175,183
19,59,84.4,96
19,60,132,127
19,61,236,243
19,62,110,113
19,63,275,292
19,64,233,216
19,65,65.8,75
19,66,107,104
19,67,181,206
19,68,290,258
19,69,433,427
19,70,205,207
19,71,437,388
19,72,146,162
19,73,90.3,95
19,74,116,122
19,75,211,214
19,76,32.4,36
19,77,24.5,36
19,78,64.5,79
19,79,139,141
19,80,449,396
19,81,67.4,72
19,82,105,111
19,83,188,194
19,84,166,174
19,85,65.2,71
19,86,201,181
19,87,184,187
19,88,169,160
19,89,138,138
19,90,234,241
19,91,403,352
19,92,372,324
20,26,50.2,69
20,27,46.1,51
20,28,265,250
20,29,30.2,44
20,30,167,151
20,31,334,293
20,32,232,211
20,33,273,260
20,34,111,143
20,35,12.6,27
20,36,376,389
20,37,59.3,60
20,38,258,265
20,39,125,138
20,40,26.8,28
20,41,366,315
20,42,80.6,90
20,43,232,227
20,44,190,168
20,45,79.3,106
20,46,281,264
20,47,268,249
20,48,87.5,79
20,49,247,245
20,50,312,301
20,51,147,164
20,52,254,262
20,53,172,175
20,54,265,232
20,55,218,200
20,56,223,190
20,57,143,126
20,58,115,117
20,59,131,143
20,60,290,280
20,61,166,150
20,62,92.1,123
20,63,221,201
20,64,121,117
20,65,221,226
20,66,70.6,86
20,67,266,242
20,68,360,317
20,69,512,500
20,70,38,43
20,71,324,288
20,72,255,234
20,73,149,139
20,74,200,183
20,75,293,257
20,76,151,157
20,77,196,205
20,78,210,214
20,79,44.2,62
20,80,337,296
20,81,225,225
20,82,142,136
20,83,28.3,47
20,84,245,219
20,85,120,136
20,86,88.1,81
20,87,145,136
20,88,41.8,58
20,89,109,109
20,90,185,172
20,91,291,252
20,92,259,224
21,26,307,270
21,27,361,319
21,28,553,492
21,29,334,301
21,30,159,143
21,31,11.6,26
21,32,520,454
21,33,166,146
21,34,274,248
21,35,311,282
21,36,108,144
21,37,348,304
21,38,164,163
21,39,353,332
21,40,316,274
21,41,654,558
21,42,253,227
21,43,492,466
21,44,478,411
21,45,337,304
21,46,112,115
21,47,556,491
21,48,375,321
21,49,173,188
21,50,102,109
21,51,271,266
21,52,144,147
21,53,231,224
21,54,553,475
21,55,117,116
21,56,510,433
21,57,431,369
21,58,375,341
21,59,231,202
21,60,150,143
21,61,454,393
21,62,314,292
21,63,509,444
21,64,409,359
21,65,224,209
21,66,283,247
21,67,78.5,89
21,68,35,46
21,69,192,228
21,70,343,302
21,71,612,531
21,72,99.7,106
21,73,206,179
21,74,164,149
21,75,42.9,48
21,76,263,251
21,77,270,241
21,78,191,183
21,79,314,284
21,80,625,539
21,81,218,194
21,82,220,196
21,83,292,254
21,84,84,81
21,85,244,222
21,86,376,324
21,87,387,359
21,88,345,303
21,89,221,196
21,90,445,411
21,91,579,495
21,92,547,467
22,26,112,108
22,27,183,171
22,28,358,331
22,29,139,139
22,30,58,58
22,31,218,191
22,32,325,292
22,33,182,167
22,34,79.6,86
22,35,134,134
22,36,238,284
22,37,154,142
22,38,123,140
22,39,158,170
22,40,139,126
22,41,459,396
22,42,75.2,79
22,43,297,304
22,44,283,249
22,45,142,142
22,46,136,138
22,47,361,330
22,48,181,159
22,49,103,119
22,50,168,175
22,51,76.5,105
22,52,109,136
22,53,78,78
22,54,358,313
22,55,105,105
22,56,316,271
22,57,236,207
22,58,181,179
22,59,36.4,41
22,60,200,186
22,61,259,231
22,62,120,130
22,63,314,282
22,64,214,198
22,65,131,133
22,66,87.8,85
22,67,153,147
22,68,239,218
22,69,397,399
22,70,166,154
22,71,417,369
22,72,111,108
22,73,4.9,12
22,74,53.3,62
22,75,174,157
22,76,79.9,99
22,77,111,116
22,78,65.2,88
22,79,101,120
22,80,430,377
22,81,135,132
22,82,13,23
22,83,115,106
22,84,129,116
22,85,48.9,60
22,86,181,162
22,87,193,197
22,88,150,141
22,89,46.1,50
22,90,250,249
22,91,384,333
22,92,352,305
23,26,229,207
23,27,209,192
23,28,61.3,70
23,29,218,200
23,30,387,333
23,31,539,459
23,32,47.8,55
23,33,453,387
23,34,260,258
23,35,247,229
23,36,556,515
23,37,187,167
23,38,438,391
23,39,193,184
23,40,243,211
23,41,144,132
23,42,313,281
23,43,107,115
23,44,62.4,63
23,45,206,201
23,46,457,406
23,47,89.4,100
23,48,173,155
23,49,420,376
23,50,489,443
23,51,284,279
23,52,426,400
23,53,352,301
23,54,36.6,44
23,55,427,373
23,56,20.5,25
23,57,108,99
23,58,175,164
23,59,311,269
23,60,470,406
23,61,82,81
23,62,218,214
23,63,80.6,91
23,64,132,124
23,65,402,353
23,66,257,225
23,67,474,415
23,68,560,486
23,69,718,667
23,70,248,221
23,71,103,105
23,72,432,376
23,73,336,292
23,74,375,330
23,75,495,425
23,76,331,284
23,77,377,331
23,78,370,352
23,79,265,242
23,80,115,112
23,81,406,351
23,82,350,307
23,83,273,240
23,84,450,384
23,85,301,262
23,86,163,147
23,87,150,141
23,88,204,184
23,89,341,301
23,90,101,102
23,91,69.5,68
23,92,37.8,40
24,26,126,138
24,27,195,203
24,28,372,360
24,29,153,168
24,30,90,90
24,31,208,201
24,32,339,321
24,33,90.4,112
24,34,91.6,115
24,35,181,183
24,36,195,242
24,37,168,171
24,38,65.5,85
24,39,172,200
24,40,186,174
24,41,473,426
24,42,123,127
24,43,311,333
24,44,298,279
24,45,156,171
24,46,109,131
24,47,375,359
24,48,195,189
24,49,45.4,63
24,50,128,151
24,51,76,100
24,52,71.9,94
24,53,38.6,42
24,54,372,342
24,55,94.8,112
24,56,330,300
24,57,250,236
24,58,195,208
24,59,49.7,64
24,60,109,132
24,61,273,260
24,62,134,159
24,63,328,311
24,64,228,227
24,65,73.8,88
24,66,102,114
24,67,134,158
24,68,229,228
24,69,387,408
24,70,213,202
24,71,431,399
24,72,99.5,114
24,73,46.4,55
24,74,72,82
24,75,164,166
24,76,70,69
24,77,71.8,80
24,78,21.5,34
24,79,134,151
24,80,444,406
24,81,95.9,95
24,82,60.7,71
24,83,162,155
24,84,119,125
24,85,54.5,73
24,86,195,191
24,87,207,226
24,88,164,170
24,89,93.8,99
24,90,264,278
24,91,398,362
24,92,366,334
25,26,124,115
25,27,193,180
25,28,370,337
25,29,151,145
25,30,123,114
25,31,253,214
25,32,337,299
25,33,108,98
25,34,69.4,79
25,35,162,163
25,36,212,227
25,37,166,149
25,38,93.3,103
25,39,156,176
25,40,193,185
25,41,471,403
25,42,156,151
25,43,309,311
25,44,295,256
25,45,154,148
25,46,145,164
25,47,373,336
25,48,193,166
25,49,75.8,87
25,50,183,178
25,51,50.1,62
25,52,108,126
25,53,7.5,13
25,54,370,320
25,55,131,144
25,56,328,277
25,57,248,214
25,58,193,186
25,59,77,84
25,60,126,118
25,61,271,238
25,62,116,128
25,63,326,289
25,64,226,204
25,65,57,64
25,66,99.8,92
25,67,170,190
25,68,284,249
25,69,426,418
25,70,198,194
25,71,429,376
25,72,135,146
25,73,79.3,79
25,74,105,106
25,75,200,199
25,76,29.9,32
25,77,33.4,45
25,78,53.6,63
25,79,132,129
25,80,442,384
25,81,61.2,63
25,82,93.6,95
25,83,195,179
25,84,155,158
25,85,57.8,59
25,86,193,168
25,87,190,202
25,88,162,148
25,89,127,123
25,90,262,255
25,91,396,340
25,92,364,312
