SupplierID,DemanderID,SupplyAmount
6,64,128194.0
6,86,436088.0
6,48,536001.0
6,57,639524.0
6,58,698213.0
6,37,1195481.0
6,87,1352221.0
6,61,3205544.0
6,88,3205544.0
6,27,3205544.0
6,29,3205544.0
6,45,3205544.0
6,39,3205544.0
6,90,3205544.0
6,44,3205544.0
6,26,3205544.0
6,62,3205544.0
6,40,3205544.0
6,35,3205544.0
6,70,3205544.0
6,66,3205544.0
6,63,3205544.0
6,56,3205544.0
6,79,3205544.0
6,43,3205544.0
6,32,3205544.0
6,83,3205544.0
6,34,3205544.0
6,92,3205544.0
6,85,3205544.0
6,54,3205544.0
6,28,3205544.0
6,47,3205544.0
6,59,3205544.0
6,42,3205544.0
6,51,3205544.0
6,91,3205544.0
6,76,3205544.0
6,73,3205544.0
6,89,3205544.0
6,82,3205544.0
6,53,3205544.0
6,71,3205544.0
6,78,3205544.0
6,74,3205544.0
6,80,3205544.0
6,77,3205544.0
6,30,3205544.0
6,65,3205544.0
6,41,3205544.0
6,81,3205544.0
6,49,3205544.0
6,52,3205544.0
6,55,3205544.0
6,72,3205544.0
6,38,3205544.0
6,84,3205544.0
6,33,3205544.0
6,46,3205544.0
6,60,3205544.0
6,67,3205544.0
6,50,3205544.0
6,75,3205544.0
6,31,3205544.0
6,36,3205544.0
6,68,3205544.0
6,69,3205544.0
20,35,4762638.0
20,40,11137907.134615386
20,83,11137907.134615386
20,29,11137907.134615386
20,70,11137907.134615386
20,88,11137907.134615386
20,79,11137907.134615386
20,27,11137907.134615386
20,26,11137907.134615386
20,37,11137907.134615386
20,66,11137907.134615386
20,45,11137907.134615386
20,42,11137907.134615386
20,48,11137907.134615386
20,86,11137907.134615386
20,62,11137907.134615386
20,89,11137907.134615386
20,34,11137907.134615386
20,58,11137907.134615386
20,85,11137907.134615386
20,64,11137907.134615386
20,39,11137907.134615386
20,59,11137907.134615386
20,82,11137907.134615386
20,57,11137907.134615386
20,87,11137907.134615386
20,51,11137907.134615386
20,73,11137907.134615386
20,76,11137907.134615386
20,61,11137907.134615386
20,30,11137907.134615386
20,53,11137907.134615386
20,90,11137907.134615386
20,44,11137907.134615386
20,77,11137907.134615386
20,74,11137907.134615386
20,78,11137907.134615386
20,55,11137907.134615386
20,63,11137907.134615386
20,65,11137907.134615386
20,56,11137907.134615386
20,81,11137907.134615386
20,32,11137907.134615386
20,43,11137907.134615386
20,84,11137907.134615386
20,49,11137907.134615386
20,52,11137907.134615386
20,72,11137907.134615386
20,38,11137907.134615386
20,92,11137907.134615386
20,28,11137907.134615386
20,54,11137907.134615386
20,67,11137907.134615386
20,47,11137907.134615386
20,33,11137907.134615386
20,46,11137907.134615386
20,60,11137907.134615386
20,91,11137907.134615386
20,75,11137907.134615386
20,50,11137907.134615386
20,71,11137907.134615386
20,31,11137907.134615386
20,80,11137907.134615386
20,68,11137907.134615386
20,41,11137907.134615386
20,36,11137907.134615386
20,69,11137907.134615386
23,56,212231.46153846156
23,54,212231.46153846156
23,92,212231.46153846156
23,32,212231.46153846156
23,28,212231.46153846156
23,44,212231.46153846156
23,91,212231.46153846156
23,63,212231.46153846156
23,61,212231.46153846156
23,47,212231.46153846156
23,90,212231.46153846156
23,71,212231.46153846156
23,43,212231.46153846156
23,57,212231.46153846156
23,80,212231.46153846156
23,64,212231.46153846156
23,41,212231.46153846156
23,87,212231.46153846156
23,86,212231.46153846156
23,48,212231.46153846156
23,58,212231.46153846156
23,37,212231.46153846156
23,39,212231.46153846156
23,88,212231.46153846156
23,45,212231.46153846156
23,27,212231.46153846156
23,29,212231.46153846156
23,62,212231.46153846156
23,26,212231.46153846156
23,40,212231.46153846156
23,35,212231.46153846156
23,70,212231.46153846156
23,66,212231.46153846156
23,34,212231.46153846156
23,79,212231.46153846156
23,83,212231.46153846156
23,51,212231.46153846156
23,85,212231.46153846156
23,59,212231.46153846156
23,42,212231.46153846156
23,76,212231.46153846156
23,73,212231.46153846156
23,89,212231.46153846156
23,82,212231.46153846156
23,53,212231.46153846156
23,78,212231.46153846156
23,74,212231.46153846156
23,77,212231.46153846156
23,30,212231.46153846156
23,65,212231.46153846156
23,81,212231.46153846156
23,49,212231.46153846156
23,52,212231.46153846156
23,55,212231.46153846156
23,72,212231.46153846156
23,38,212231.46153846156
23,84,212231.46153846156
23,33,212231.46153846156
23,46,212231.46153846156
23,60,212231.46153846156
23,67,212231.46153846156
23,50,212231.46153846156
23,75,212231.46153846156
23,31,212231.46153846156
23,36,212231.46153846156
23,68,212231.46153846156
23,69,212231.46153846156
14,31,747054.75
14,68,747054.75
14,75,747054.75
14,67,747054.75
14,84,747054.75
14,72,747054.75
14,50,747054.75
14,36,747054.75
14,46,747054.75
14,55,747054.75
14,52,747054.75
14,60,747054.75
14,30,747054.75
14,38,747054.75
14,74,747054.75
14,33,747054.75
14,49,747054.75
14,78,747054.75
14,69,747054.75
14,73,747054.75
14,81,747054.75
14,82,747054.75
14,89,747054.75
14,65,747054.75
14,53,747054.75
14,59,747054.75
14,85,747054.75
14,42,747054.75
14,76,747054.75
14,77,747054.75
14,51,747054.75
14,34,747054.75
14,66,747054.75
14,83,747054.75
14,26,747054.75
14,35,747054.75
14,62,747054.75
14,79,747054.75
14,40,747054.75
14,29,747054.75
14,45,747054.75
14,70,747054.75
14,88,747054.75
14,37,747054.75
14,39,747054.75
14,27,747054.75
14,48,747054.75
14,58,747054.75
14,86,747054.75
14,87,747054.75
14,64,747054.75
14,57,747054.75
14,90,747054.75
14,61,747054.75
14,44,747054.75
14,43,747054.75
14,63,747054.75
14,56,747054.75
14,32,747054.75
14,92,747054.75
14,28,747054.75
14,54,747054.75
14,47,747054.75
14,91,747054.75
14,71,747054.75
14,80,747054.75
14,41,747054.75
15,68,1263201.653846154
15,31,1263201.653846154
15,75,1263201.653846154
15,36,1263201.653846154
15,50,1263201.653846154
15,67,1263201.653846154
15,46,1263201.653846154
15,84,1263201.653846154
15,72,1263201.653846154
15,52,1263201.653846154
15,55,1263201.653846154
15,60,1263201.653846154
15,69,1263201.653846154
15,38,1263201.653846154
15,33,1263201.653846154
15,49,1263201.653846154
15,30,1263201.653846154
15,78,1263201.653846154
15,74,1263201.653846154
15,81,1263201.653846154
15,65,1263201.653846154
15,73,1263201.653846154
15,82,1263201.653846154
15,89,1263201.653846154
15,59,1263201.653846154
15,53,1263201.653846154
15,77,1263201.653846154
15,85,1263201.653846154
15,42,1263201.653846154
15,76,1263201.653846154
15,34,1263201.653846154
15,66,1263201.653846154
15,51,1263201.653846154
15,83,1263201.653846154
15,26,1263201.653846154
15,35,1263201.653846154
15,62,1263201.653846154
15,79,1263201.653846154
15,40,1263201.653846154
15,29,1263201.653846154
15,45,1263201.653846154
15,70,1263201.653846154
15,88,1263201.653846154
15,37,1263201.653846154
15,39,1263201.653846154
15,27,1263201.653846154
15,48,1263201.653846154
15,58,1263201.653846154
15,86,1263201.653846154
15,87,1263201.653846154
15,64,1263201.653846154
15,57,1263201.653846154
15,90,1263201.653846154
15,61,1263201.653846154
15,44,1263201.653846154
15,43,1263201.653846154
15,63,1263201.653846154
15,56,1263201.653846154
15,32,1263201.653846154
15,92,1263201.653846154
15,54,1263201.653846154
15,28,1263201.653846154
15,47,1263201.653846154
15,91,1263201.653846154
15,71,1263201.653846154
15,80,1263201.653846154
15,41,1263201.653846154
1,59,129885.65384615386
1,85,129885.65384615386
1,34,129885.65384615386
1,73,129885.65384615386
1,66,129885.65384615386
1,82,129885.65384615386
1,51,129885.65384615386
1,76,129885.65384615386
1,42,129885.65384615386
1,79,129885.65384615386
1,89,129885.65384615386
1,26,129885.65384615386
1,62,129885.65384615386
1,78,129885.65384615386
1,53,129885.65384615386
1,74,129885.65384615386
1,30,129885.65384615386
1,29,129885.65384615386
1,35,129885.65384615386
1,45,129885.65384615386
1,83,129885.65384615386
1,49,129885.65384615386
1,77,129885.65384615386
1,88,129885.65384615386
1,37,129885.65384615386
1,39,129885.65384615386
1,38,129885.65384615386
1,52,129885.65384615386
1,65,129885.65384615386
1,55,129885.65384615386
1,81,129885.65384615386
1,48,129885.65384615386
1,58,129885.65384615386
1,27,129885.65384615386
1,40,129885.65384615386
1,86,129885.65384615386
1,72,129885.65384615386
1,70,129885.65384615386
1,87,129885.65384615386
1,84,129885.65384615386
1,46,129885.65384615386
1,64,129885.65384615386
1,67,129885.65384615386
1,33,129885.65384615386
1,57,129885.65384615386
1,50,129885.65384615386
1,60,129885.65384615386
1,75,129885.65384615386
1,90,129885.65384615386
1,61,129885.65384615386
1,44,129885.65384615386
1,31,129885.65384615386
1,43,129885.65384615386
1,68,129885.65384615386
1,63,129885.65384615386
1,56,129885.65384615386
1,32,129885.65384615386
1,36,129885.65384615386
1,92,129885.65384615386
1,54,129885.65384615386
1,28,129885.65384615386
1,47,129885.65384615386
1,91,129885.65384615386
1,71,129885.65384615386
1,80,129885.65384615386
1,41,129885.65384615386
1,69,129885.65384615386
9,79,190159.38461538462
9,66,190159.38461538462
9,26,190159.38461538462
9,29,190159.38461538462
9,35,190159.38461538462
9,88,190159.38461538462
9,42,190159.38461538462
9,83,190159.38461538462
9,62,190159.38461538462
9,34,190159.38461538462
9,37,190159.38461538462
9,45,190159.38461538462
9,27,190159.38461538462
9,85,190159.38461538462
9,40,190159.38461538462
9,70,190159.38461538462
9,59,190159.38461538462
9,89,190159.38461538462
9,39,190159.38461538462
9,82,190159.38461538462
9,51,190159.38461538462
9,76,190159.38461538462
9,48,190159.38461538462
9,58,190159.38461538462
9,73,190159.38461538462
9,86,190159.38461538462
9,53,190159.38461538462
9,87,190159.38461538462
9,64,190159.38461538462
9,78,190159.38461538462
9,74,190159.38461538462
9,77,190159.38461538462
9,30,190159.38461538462
9,57,190159.38461538462
9,65,190159.38461538462
9,90,190159.38461538462
9,81,190159.38461538462
9,61,190159.38461538462
9,49,190159.38461538462
9,52,190159.38461538462
9,55,190159.38461538462
9,72,190159.38461538462
9,38,190159.38461538462
9,44,190159.38461538462
9,84,190159.38461538462
9,43,190159.38461538462
9,33,190159.38461538462
9,46,190159.38461538462
9,63,190159.38461538462
9,56,190159.38461538462
9,60,190159.38461538462
9,67,190159.38461538462
9,32,190159.38461538462
9,50,190159.38461538462
9,75,190159.38461538462
9,92,190159.38461538462
9,28,190159.38461538462
9,54,190159.38461538462
9,47,190159.38461538462
9,31,190159.38461538462
9,91,190159.38461538462
9,36,190159.38461538462
9,68,190159.38461538462
9,71,190159.38461538462
9,80,190159.38461538462
9,41,190159.38461538462
9,69,190159.38461538462
7,45,3922037.4230769235
7,26,3922037.4230769235
7,88,3922037.4230769235
7,37,3922037.4230769235
7,29,3922037.4230769235
7,62,3922037.4230769235
7,39,3922037.4230769235
7,58,3922037.4230769235
7,86,3922037.4230769235
7,27,3922037.4230769235
7,48,3922037.4230769235
7,66,3922037.4230769235
7,79,3922037.4230769235
7,35,3922037.4230769235
7,87,3922037.4230769235
7,34,3922037.4230769235
7,40,3922037.4230769235
7,83,3922037.4230769235
7,70,3922037.4230769235
7,64,3922037.4230769235
7,57,3922037.4230769235
7,85,3922037.4230769235
7,42,3922037.4230769235
7,51,3922037.4230769235
7,59,3922037.4230769235
7,90,3922037.4230769235
7,61,3922037.4230769235
7,76,3922037.4230769235
7,89,3922037.4230769235
7,73,3922037.4230769235
7,82,3922037.4230769235
7,53,3922037.4230769235
7,63,3922037.4230769235
7,44,3922037.4230769235
7,43,3922037.4230769235
7,78,3922037.4230769235
7,74,3922037.4230769235
7,77,3922037.4230769235
7,30,3922037.4230769235
7,56,3922037.4230769235
7,47,3922037.4230769235
7,32,3922037.4230769235
7,65,3922037.4230769235
7,81,3922037.4230769235
7,49,3922037.4230769235
7,52,3922037.4230769235
7,55,3922037.4230769235
7,92,3922037.4230769235
7,72,3922037.4230769235
7,28,3922037.4230769235
7,54,3922037.4230769235
7,38,3922037.4230769235
7,84,3922037.4230769235
7,33,3922037.4230769235
7,46,3922037.4230769235
7,91,3922037.4230769235
7,60,3922037.4230769235
7,67,3922037.4230769235
7,50,3922037.4230769235
7,71,3922037.4230769235
7,75,3922037.4230769235
7,80,3922037.4230769235
7,41,3922037.4230769235
7,31,3922037.4230769235
7,36,3922037.4230769235
7,68,3922037.4230769235
7,69,3922037.4230769235
17,77,169785.1730769231
17,53,169785.1730769231
17,76,169785.1730769231
17,65,169785.1730769231
17,81,169785.1730769231
17,51,169785.1730769231
17,78,169785.1730769231
17,49,169785.1730769231
17,85,169785.1730769231
17,34,169785.1730769231
17,38,169785.1730769231
17,33,169785.1730769231
17,59,169785.1730769231
17,73,169785.1730769231
17,82,169785.1730769231
17,60,169785.1730769231
17,52,169785.1730769231
17,66,169785.1730769231
17,62,169785.1730769231
17,74,169785.1730769231
17,30,169785.1730769231
17,72,169785.1730769231
17,26,169785.1730769231
17,89,169785.1730769231
17,55,169785.1730769231
17,79,169785.1730769231
17,45,169785.1730769231
17,46,169785.1730769231
17,39,169785.1730769231
17,29,169785.1730769231
17,50,169785.1730769231
17,84,169785.1730769231
17,42,169785.1730769231
17,67,169785.1730769231
17,35,169785.1730769231
17,88,169785.1730769231
17,37,169785.1730769231
17,58,169785.1730769231
17,87,169785.1730769231
17,36,169785.1730769231
17,48,169785.1730769231
17,27,169785.1730769231
17,40,169785.1730769231
17,86,169785.1730769231
17,83,169785.1730769231
17,70,169785.1730769231
17,75,169785.1730769231
17,57,169785.1730769231
17,31,169785.1730769231
17,64,169785.1730769231
17,90,169785.1730769231
17,61,169785.1730769231
17,68,169785.1730769231
17,63,169785.1730769231
17,43,169785.1730769231
17,44,169785.1730769231
17,47,169785.1730769231
17,56,169785.1730769231
17,32,169785.1730769231
17,92,169785.1730769231
17,28,169785.1730769231
17,54,169785.1730769231
17,69,169785.1730769231
17,91,169785.1730769231
17,71,169785.1730769231
17,80,169785.1730769231
17,41,169785.1730769231
18,53,1127373.5192307692
18,78,1127373.5192307692
18,76,1127373.5192307692
18,77,1127373.5192307692
18,85,1127373.5192307692
18,49,1127373.5192307692
18,59,1127373.5192307692
18,73,1127373.5192307692
18,51,1127373.5192307692
18,38,1127373.5192307692
18,65,1127373.5192307692
18,82,1127373.5192307692
18,81,1127373.5192307692
18,74,1127373.5192307692
18,52,1127373.5192307692
18,34,1127373.5192307692
18,30,1127373.5192307692
18,89,1127373.5192307692
18,55,1127373.5192307692
18,72,1127373.5192307692
18,66,1127373.5192307692
18,33,1127373.5192307692
18,46,1127373.5192307692
18,84,1127373.5192307692
18,42,1127373.5192307692
18,62,1127373.5192307692
18,60,1127373.5192307692
18,26,1127373.5192307692
18,50,1127373.5192307692
18,67,1127373.5192307692
18,79,1127373.5192307692
18,29,1127373.5192307692
18,45,1127373.5192307692
18,39,1127373.5192307692
18,83,1127373.5192307692
18,75,1127373.5192307692
18,35,1127373.5192307692
18,88,1127373.5192307692
18,37,1127373.5192307692
18,40,1127373.5192307692
18,87,1127373.5192307692
18,48,1127373.5192307692
18,58,1127373.5192307692
18,27,1127373.5192307692
18,86,1127373.5192307692
18,31,1127373.5192307692
18,36,1127373.5192307692
18,70,1127373.5192307692
18,68,1127373.5192307692
18,64,1127373.5192307692
18,57,1127373.5192307692
18,90,1127373.5192307692
18,61,1127373.5192307692
18,44,1127373.5192307692
18,43,1127373.5192307692
18,63,1127373.5192307692
18,56,1127373.5192307692
18,32,1127373.5192307692
18,92,1127373.5192307692
18,54,1127373.5192307692
18,28,1127373.5192307692
18,47,1127373.5192307692
18,69,1127373.5192307692
18,91,1127373.5192307692
18,71,1127373.5192307692
18,80,1127373.5192307692
18,41,1127373.5192307692
8,56,4074844.076923077
8,32,4074844.076923077
8,92,4074844.076923077
8,54,4074844.076923077
8,44,4074844.076923077
8,28,4074844.076923077
8,63,4074844.076923077
8,61,4074844.076923077
8,91,4074844.076923077
8,47,4074844.076923077
8,90,4074844.076923077
8,43,4074844.076923077
8,57,4074844.076923077
8,71,4074844.076923077
8,80,4074844.076923077
8,64,4074844.076923077
8,87,4074844.076923077
8,41,4074844.076923077
8,86,4074844.076923077
8,48,4074844.076923077
8,58,4074844.076923077
8,37,4074844.076923077
8,39,4074844.076923077
8,88,4074844.076923077
8,45,4074844.076923077
8,27,4074844.076923077
8,29,4074844.076923077
8,62,4074844.076923077
8,26,4074844.076923077
8,40,4074844.076923077
8,35,4074844.076923077
8,70,4074844.076923077
8,66,4074844.076923077
8,34,4074844.076923077
8,79,4074844.076923077
8,83,4074844.076923077
8,51,4074844.076923077
8,85,4074844.076923077
8,59,4074844.076923077
8,42,4074844.076923077
8,76,4074844.076923077
8,73,4074844.076923077
8,89,4074844.076923077
8,82,4074844.076923077
8,53,4074844.076923077
8,78,4074844.076923077
8,74,4074844.076923077
8,77,4074844.076923077
8,30,4074844.076923077
8,65,4074844.076923077
8,81,4074844.076923077
8,49,4074844.076923077
8,52,4074844.076923077
8,55,4074844.076923077
8,72,4074844.076923077
8,38,4074844.076923077
8,84,4074844.076923077
8,33,4074844.076923077
8,46,4074844.076923077
8,60,4074844.076923077
8,67,4074844.076923077
8,50,4074844.076923077
8,75,4074844.076923077
8,31,4074844.076923077
8,36,4074844.076923077
8,68,4074844.076923077
8,69,4074844.076923077
16,61,178783.78846153847
16,44,178783.78846153847
16,90,178783.78846153847
16,57,178783.78846153847
16,63,178783.78846153847
16,56,178783.78846153847
16,64,178783.78846153847
16,32,178783.78846153847
16,87,178783.78846153847
16,43,178783.78846153847
16,86,178783.78846153847
16,92,178783.78846153847
16,28,178783.78846153847
16,54,178783.78846153847
16,48,178783.78846153847
16,47,178783.78846153847
16,58,178783.78846153847
16,37,178783.78846153847
16,39,178783.78846153847
16,91,178783.78846153847
16,88,178783.78846153847
16,45,178783.78846153847
16,27,178783.78846153847
16,29,178783.78846153847
16,62,178783.78846153847
16,26,178783.78846153847
16,71,178783.78846153847
16,40,178783.78846153847
16,80,178783.78846153847
16,35,178783.78846153847
16,70,178783.78846153847
16,66,178783.78846153847
16,34,178783.78846153847
16,79,178783.78846153847
16,41,178783.78846153847
16,83,178783.78846153847
16,51,178783.78846153847
16,85,178783.78846153847
16,59,178783.78846153847
16,42,178783.78846153847
16,76,178783.78846153847
16,73,178783.78846153847
16,89,178783.78846153847
16,82,178783.78846153847
16,53,178783.78846153847
16,78,178783.78846153847
16,74,178783.78846153847
16,77,178783.78846153847
16,30,178783.78846153847
16,65,178783.78846153847
16,81,178783.78846153847
16,49,178783.78846153847
16,52,178783.78846153847
16,55,178783.78846153847
16,72,178783.78846153847
16,38,178783.78846153847
16,84,178783.78846153847
16,33,178783.78846153847
16,46,178783.78846153847
16,60,178783.78846153847
16,67,178783.78846153847
16,50,178783.78846153847
16,75,178783.78846153847
16,31,178783.78846153847
16,36,178783.78846153847
16,68,178783.78846153847
16,69,178783.78846153847
24,78,12828967.423076924
24,53,12828967.423076924
24,49,12828967.423076924
24,73,12828967.423076924
24,59,12828967.423076924
24,85,12828967.423076924
24,82,12828967.423076924
24,38,12828967.423076924
24,76,12828967.423076924
24,52,12828967.423076924
24,74,12828967.423076924
24,77,12828967.423076924
24,65,12828967.423076924
24,51,12828967.423076924
24,30,12828967.423076924
24,33,12828967.423076924
24,34,12828967.423076924
24,89,12828967.423076924
24,55,12828967.423076924
24,81,12828967.423076924
24,72,12828967.423076924
24,66,12828967.423076924
24,46,12828967.423076924
24,60,12828967.423076924
24,84,12828967.423076924
24,42,12828967.423076924
24,26,12828967.423076924
24,50,12828967.423076924
24,62,12828967.423076924
24,67,12828967.423076924
24,79,12828967.423076924
24,29,12828967.423076924
24,45,12828967.423076924
24,83,12828967.423076924
24,75,12828967.423076924
24,88,12828967.423076924
24,37,12828967.423076924
24,39,12828967.423076924
24,35,12828967.423076924
24,40,12828967.423076924
24,27,12828967.423076924
24,36,12828967.423076924
24,48,12828967.423076924
24,58,12828967.423076924
24,86,12828967.423076924
24,87,12828967.423076924
24,31,12828967.423076924
24,70,12828967.423076924
24,64,12828967.423076924
24,68,12828967.423076924
24,57,12828967.423076924
24,90,12828967.423076924
24,61,12828967.423076924
24,44,12828967.423076924
24,43,12828967.423076924
24,63,12828967.423076924
24,56,12828967.423076924
24,32,12828967.423076924
24,92,12828967.423076924
24,28,12828967.423076924
24,54,12828967.423076924
24,47,12828967.423076924
24,69,12828967.423076924
24,91,12828967.423076924
24,71,12828967.423076924
24,80,12828967.423076924
24,41,12828967.423076924
21,31,848925.8461538462
21,68,848925.8461538462
21,75,848925.8461538462
21,67,848925.8461538462
21,84,848925.8461538462
21,72,848925.8461538462
21,50,848925.8461538462
21,36,848925.8461538462
21,46,848925.8461538462
21,55,848925.8461538462
21,52,848925.8461538462
21,60,848925.8461538462
21,30,848925.8461538462
21,38,848925.8461538462
21,74,848925.8461538462
21,33,848925.8461538462
21,49,848925.8461538462
21,78,848925.8461538462
21,69,848925.8461538462
21,73,848925.8461538462
21,81,848925.8461538462
21,82,848925.8461538462
21,89,848925.8461538462
21,65,848925.8461538462
21,53,848925.8461538462
21,59,848925.8461538462
21,85,848925.8461538462
21,42,848925.8461538462
21,76,848925.8461538462
21,77,848925.8461538462
21,51,848925.8461538462
21,34,848925.8461538462
21,66,848925.8461538462
21,83,848925.8461538462
21,26,848925.8461538462
21,35,848925.8461538462
21,62,848925.8461538462
21,79,848925.8461538462
21,40,848925.8461538462
21,29,848925.8461538462
21,45,848925.8461538462
21,70,848925.8461538462
21,88,848925.8461538462
21,37,848925.8461538462
21,39,848925.8461538462
21,27,848925.8461538462
21,48,848925.8461538462
21,58,848925.8461538462
21,86,848925.8461538462
21,87,848925.8461538462
21,64,848925.8461538462
21,57,848925.8461538462
21,90,848925.8461538462
21,61,848925.8461538462
21,44,848925.8461538462
21,43,848925.8461538462
21,63,848925.8461538462
21,56,848925.8461538462
21,32,848925.8461538462
21,92,848925.8461538462
21,28,848925.8461538462
21,54,848925.8461538462
21,47,848925.8461538462
21,91,848925.8461538462
21,71,848925.8461538462
21,80,848925.8461538462
21,41,848925.8461538462
5,66,4482328.480769231
5,26,4482328.480769231
5,34,4482328.480769231
5,79,4482328.480769231
5,85,4482328.480769231
5,62,4482328.480769231
5,29,4482328.480769231
5,59,4482328.480769231
5,45,4482328.480769231
5,35,4482328.480769231
5,42,4482328.480769231
5,88,4482328.480769231
5,51,4482328.480769231
5,37,4482328.480769231
5,76,4482328.480769231
5,89,4482328.480769231
5,73,4482328.480769231
5,39,4482328.480769231
5,83,4482328.480769231
5,82,4482328.480769231
5,53,4482328.480769231
5,40,4482328.480769231
5,48,4482328.480769231
5,58,4482328.480769231
5,27,4482328.480769231
5,86,4482328.480769231
5,70,4482328.480769231
5,78,4482328.480769231
5,87,4482328.480769231
5,74,4482328.480769231
5,77,4482328.480769231
5,30,4482328.480769231
5,64,4482328.480769231
5,65,4482328.480769231
5,81,4482328.480769231
5,57,4482328.480769231
5,49,4482328.480769231
5,52,4482328.480769231
5,55,4482328.480769231
5,90,4482328.480769231
5,72,4482328.480769231
5,61,4482328.480769231
5,38,4482328.480769231
5,84,4482328.480769231
5,33,4482328.480769231
5,46,4482328.480769231
5,44,4482328.480769231
5,60,4482328.480769231
5,43,4482328.480769231
5,67,4482328.480769231
5,50,4482328.480769231
5,63,4482328.480769231
5,56,4482328.480769231
5,75,4482328.480769231
5,32,4482328.480769231
5,92,4482328.480769231
5,28,4482328.480769231
5,54,4482328.480769231
5,47,4482328.480769231
5,31,4482328.480769231
5,36,4482328.480769231
5,68,4482328.480769231
5,91,4482328.480769231
5,71,4482328.480769231
5,80,4482328.480769231
5,41,4482328.480769231
5,69,4482328.480769231
4,59,4074844.076923077
4,85,4074844.076923077
4,73,4074844.076923077
4,82,4074844.076923077
4,34,4074844.076923077
4,51,4074844.076923077
4,76,4074844.076923077
4,66,4074844.076923077
4,78,4074844.076923077
4,53,4074844.076923077
4,89,4074844.076923077
4,74,4074844.076923077
4,42,4074844.076923077
4,26,4074844.076923077
4,30,4074844.076923077
4,62,4074844.076923077
4,79,4074844.076923077
4,49,4074844.076923077
4,77,4074844.076923077
4,29,4074844.076923077
4,38,4074844.076923077
4,45,4074844.076923077
4,52,4074844.076923077
4,35,4074844.076923077
4,88,4074844.076923077
4,65,4074844.076923077
4,55,4074844.076923077
4,37,4074844.076923077
4,81,4074844.076923077
4,39,4074844.076923077
4,72,4074844.076923077
4,83,4074844.076923077
4,84,4074844.076923077
4,27,4074844.076923077
4,40,4074844.076923077
4,48,4074844.076923077
4,58,4074844.076923077
4,86,4074844.076923077
4,46,4074844.076923077
4,70,4074844.076923077
4,87,4074844.076923077
4,67,4074844.076923077
4,33,4074844.076923077
4,64,4074844.076923077
4,50,4074844.076923077
4,60,4074844.076923077
4,75,4074844.076923077
4,57,4074844.076923077
4,90,4074844.076923077
4,36,4074844.076923077
4,61,4074844.076923077
4,31,4074844.076923077
4,44,4074844.076923077
4,68,4074844.076923077
4,43,4074844.076923077
4,63,4074844.076923077
4,56,4074844.076923077
4,32,4074844.076923077
4,92,4074844.076923077
4,28,4074844.076923077
4,54,4074844.076923077
4,47,4074844.076923077
4,91,4074844.076923077
4,71,4074844.076923077
4,80,4074844.076923077
4,69,4074844.076923077
4,41,4074844.076923077
22,73,1018711.0192307692
22,82,1018711.0192307692
22,59,1018711.0192307692
22,89,1018711.0192307692
22,85,1018711.0192307692
22,74,1018711.0192307692
22,30,1018711.0192307692
22,78,1018711.0192307692
22,42,1018711.0192307692
22,51,1018711.0192307692
22,53,1018711.0192307692
22,34,1018711.0192307692
22,76,1018711.0192307692
22,66,1018711.0192307692
22,79,1018711.0192307692
22,49,1018711.0192307692
22,55,1018711.0192307692
22,52,1018711.0192307692
22,72,1018711.0192307692
22,77,1018711.0192307692
22,26,1018711.0192307692
22,83,1018711.0192307692
22,62,1018711.0192307692
22,38,1018711.0192307692
22,84,1018711.0192307692
22,65,1018711.0192307692
22,35,1018711.0192307692
22,81,1018711.0192307692
22,46,1018711.0192307692
22,29,1018711.0192307692
22,40,1018711.0192307692
22,45,1018711.0192307692
22,88,1018711.0192307692
22,67,1018711.0192307692
22,37,1018711.0192307692
22,39,1018711.0192307692
22,70,1018711.0192307692
22,50,1018711.0192307692
22,75,1018711.0192307692
22,48,1018711.0192307692
22,58,1018711.0192307692
22,86,1018711.0192307692
22,33,1018711.0192307692
22,27,1018711.0192307692
22,87,1018711.0192307692
22,60,1018711.0192307692
22,64,1018711.0192307692
22,31,1018711.0192307692
22,57,1018711.0192307692
22,36,1018711.0192307692
22,68,1018711.0192307692
22,90,1018711.0192307692
22,61,1018711.0192307692
22,44,1018711.0192307692
22,43,1018711.0192307692
22,63,1018711.0192307692
22,56,1018711.0192307692
22,32,1018711.0192307692
22,92,1018711.0192307692
22,28,1018711.0192307692
22,54,1018711.0192307692
22,47,1018711.0192307692
22,91,1018711.0192307692
22,69,1018711.0192307692
22,71,1018711.0192307692
22,80,1018711.0192307692
22,41,1018711.0192307692
19,53,263167.01923076925
19,77,263167.01923076925
19,76,263167.01923076925
19,51,263167.01923076925
19,78,263167.01923076925
19,85,263167.01923076925
19,65,263167.01923076925
19,34,263167.01923076925
19,81,263167.01923076925
19,49,263167.01923076925
19,59,263167.01923076925
19,73,263167.01923076925
19,38,263167.01923076925
19,82,263167.01923076925
19,66,263167.01923076925
19,62,263167.01923076925
19,33,263167.01923076925
19,74,263167.01923076925
19,52,263167.01923076925
19,26,263167.01923076925
19,60,263167.01923076925
19,30,263167.01923076925
19,89,263167.01923076925
19,79,263167.01923076925
19,45,263167.01923076925
19,55,263167.01923076925
19,72,263167.01923076925
19,39,263167.01923076925
19,29,263167.01923076925
19,84,263167.01923076925
19,42,263167.01923076925
19,35,263167.01923076925
19,88,263167.01923076925
19,37,263167.01923076925
19,58,263167.01923076925
19,46,263167.01923076925
19,67,263167.01923076925
19,87,263167.01923076925
19,83,263167.01923076925
19,50,263167.01923076925
19,48,263167.01923076925
19,27,263167.01923076925
19,40,263167.01923076925
19,86,263167.01923076925
19,70,263167.01923076925
19,75,263167.01923076925
19,57,263167.01923076925
19,36,263167.01923076925
19,64,263167.01923076925
19,90,263167.01923076925
19,61,263167.01923076925
19,31,263167.01923076925
19,63,263167.01923076925
19,43,263167.01923076925
19,68,263167.01923076925
19,32,263167.01923076925
19,44,263167.01923076925
19,47,263167.01923076925
19,28,263167.01923076925
19,56,263167.01923076925
19,92,263167.01923076925
19,54,263167.01923076925
19,91,263167.01923076925
19,69,263167.01923076925
19,71,263167.01923076925
19,80,263167.01923076925
19,41,263167.01923076925
2,81,159173.59615384616
2,65,159173.59615384616
2,53,159173.59615384616
2,77,159173.59615384616
2,38,159173.59615384616
2,49,159173.59615384616
2,33,159173.59615384616
2,76,159173.59615384616
2,78,159173.59615384616
2,60,159173.59615384616
2,52,159173.59615384616
2,51,159173.59615384616
2,85,159173.59615384616
2,72,159173.59615384616
2,46,159173.59615384616
2,34,159173.59615384616
2,59,159173.59615384616
2,73,159173.59615384616
2,82,159173.59615384616
2,50,159173.59615384616
2,74,159173.59615384616
2,66,159173.59615384616
2,67,159173.59615384616
2,55,159173.59615384616
2,84,159173.59615384616
2,62,159173.59615384616
2,30,159173.59615384616
2,89,159173.59615384616
2,36,159173.59615384616
2,26,159173.59615384616
2,79,159173.59615384616
2,75,159173.59615384616
2,42,159173.59615384616
2,29,159173.59615384616
2,39,159173.59615384616
2,45,159173.59615384616
2,35,159173.59615384616
2,88,159173.59615384616
2,31,159173.59615384616
2,37,159173.59615384616
2,87,159173.59615384616
2,83,159173.59615384616
2,27,159173.59615384616
2,40,159173.59615384616
2,48,159173.59615384616
2,58,159173.59615384616
2,86,159173.59615384616
2,68,159173.59615384616
2,70,159173.59615384616
2,64,159173.59615384616
2,90,159173.59615384616
2,57,159173.59615384616
2,61,159173.59615384616
2,43,159173.59615384616
2,44,159173.59615384616
2,47,159173.59615384616
2,63,159173.59615384616
2,56,159173.59615384616
2,32,159173.59615384616
2,69,159173.59615384616
2,92,159173.59615384616
2,28,159173.59615384616
2,54,159173.59615384616
2,91,159173.59615384616
2,71,159173.59615384616
2,80,159173.59615384616
2,41,159173.59615384616
11,67,2716562.7115384615
11,75,2716562.7115384615
11,84,2716562.7115384615
11,72,2716562.7115384615
11,46,2716562.7115384615
11,31,2716562.7115384615
11,55,2716562.7115384615
11,52,2716562.7115384615
11,50,2716562.7115384615
11,68,2716562.7115384615
11,38,2716562.7115384615
11,30,2716562.7115384615
11,74,2716562.7115384615
11,49,2716562.7115384615
11,78,2716562.7115384615
11,60,2716562.7115384615
11,33,2716562.7115384615
11,65,2716562.7115384615
11,81,2716562.7115384615
11,73,2716562.7115384615
11,36,2716562.7115384615
11,82,2716562.7115384615
11,89,2716562.7115384615
11,53,2716562.7115384615
11,59,2716562.7115384615
11,85,2716562.7115384615
11,77,2716562.7115384615
11,42,2716562.7115384615
11,76,2716562.7115384615
11,51,2716562.7115384615
11,34,2716562.7115384615
11,66,2716562.7115384615
11,83,2716562.7115384615
11,69,2716562.7115384615
11,79,2716562.7115384615
11,26,2716562.7115384615
11,35,2716562.7115384615
11,62,2716562.7115384615
11,40,2716562.7115384615
11,29,2716562.7115384615
11,45,2716562.7115384615
11,88,2716562.7115384615
11,70,2716562.7115384615
11,37,2716562.7115384615
11,39,2716562.7115384615
11,27,2716562.7115384615
11,48,2716562.7115384615
11,58,2716562.7115384615
11,86,2716562.7115384615
11,87,2716562.7115384615
11,64,2716562.7115384615
11,57,2716562.7115384615
11,90,2716562.7115384615
11,61,2716562.7115384615
11,44,2716562.7115384615
11,43,2716562.7115384615
11,63,2716562.7115384615
11,56,2716562.7115384615
11,32,2716562.7115384615
11,92,2716562.7115384615
11,54,2716562.7115384615
11,28,2716562.7115384615
11,47,2716562.7115384615
11,91,2716562.7115384615
11,71,2716562.7115384615
11,80,2716562.7115384615
11,41,2716562.7115384615
12,78,882882.8846153846
12,49,882882.8846153846
12,53,882882.8846153846
12,59,882882.8846153846
12,73,882882.8846153846
12,38,882882.8846153846
12,65,882882.8846153846
12,52,882882.8846153846
12,85,882882.8846153846
12,76,882882.8846153846
12,77,882882.8846153846
12,82,882882.8846153846
12,33,882882.8846153846
12,74,882882.8846153846
12,51,882882.8846153846
12,55,882882.8846153846
12,72,882882.8846153846
12,81,882882.8846153846
12,30,882882.8846153846
12,60,882882.8846153846
12,46,882882.8846153846
12,89,882882.8846153846
12,34,882882.8846153846
12,66,882882.8846153846
12,84,882882.8846153846
12,50,882882.8846153846
12,67,882882.8846153846
12,26,882882.8846153846
12,42,882882.8846153846
12,62,882882.8846153846
12,79,882882.8846153846
12,75,882882.8846153846
12,29,882882.8846153846
12,45,882882.8846153846
12,88,882882.8846153846
12,83,882882.8846153846
12,37,882882.8846153846
12,39,882882.8846153846
12,36,882882.8846153846
12,35,882882.8846153846
12,40,882882.8846153846
12,27,882882.8846153846
12,48,882882.8846153846
12,58,882882.8846153846
12,86,882882.8846153846
12,31,882882.8846153846
12,87,882882.8846153846
12,68,882882.8846153846
12,70,882882.8846153846
12,64,882882.8846153846
12,57,882882.8846153846
12,90,882882.8846153846
12,61,882882.8846153846
12,44,882882.8846153846
12,43,882882.8846153846
12,63,882882.8846153846
12,56,882882.8846153846
12,32,882882.8846153846
12,92,882882.8846153846
12,54,882882.8846153846
12,28,882882.8846153846
12,47,882882.8846153846
12,69,882882.8846153846
12,91,882882.8846153846
12,71,882882.8846153846
12,80,882882.8846153846
12,41,882882.8846153846
3,40,2716562.7115384615
3,83,2716562.7115384615
3,70,2716562.7115384615
3,35,2716562.7115384615
3,27,2716562.7115384615
3,29,2716562.7115384615
3,88,2716562.7115384615
3,37,2716562.7115384615
3,42,2716562.7115384615
3,26,2716562.7115384615
3,79,2716562.7115384615
3,48,2716562.7115384615
3,86,2716562.7115384615
3,89,2716562.7115384615
3,66,2716562.7115384615
3,45,2716562.7115384615
3,62,2716562.7115384615
3,58,2716562.7115384615
3,64,2716562.7115384615
3,82,2716562.7115384615
3,39,2716562.7115384615
3,73,2716562.7115384615
3,34,2716562.7115384615
3,57,2716562.7115384615
3,87,2716562.7115384615
3,59,2716562.7115384615
3,85,2716562.7115384615
3,30,2716562.7115384615
3,61,2716562.7115384615
3,51,2716562.7115384615
3,76,2716562.7115384615
3,74,2716562.7115384615
3,90,2716562.7115384615
3,44,2716562.7115384615
3,78,2716562.7115384615
3,55,2716562.7115384615
3,53,2716562.7115384615
3,63,2716562.7115384615
3,56,2716562.7115384615
3,84,2716562.7115384615
3,49,2716562.7115384615
3,32,2716562.7115384615
3,43,2716562.7115384615
3,52,2716562.7115384615
3,72,2716562.7115384615
3,77,2716562.7115384615
3,67,2716562.7115384615
3,38,2716562.7115384615
3,65,2716562.7115384615
3,92,2716562.7115384615
3,81,2716562.7115384615
3,46,2716562.7115384615
3,54,2716562.7115384615
3,28,2716562.7115384615
3,47,2716562.7115384615
3,75,2716562.7115384615
3,91,2716562.7115384615
3,50,2716562.7115384615
3,33,2716562.7115384615
3,31,2716562.7115384615
3,71,2716562.7115384615
3,60,2716562.7115384615
3,80,2716562.7115384615
3,68,2716562.7115384615
3,36,2716562.7115384615
3,41,2716562.7115384615
3,69,2716562.7115384615
10,73,254677.75
10,82,254677.75
10,59,254677.75
10,89,254677.75
10,85,254677.75
10,74,254677.75
10,30,254677.75
10,42,254677.75
10,78,254677.75
10,51,254677.75
10,34,254677.75
10,76,254677.75
10,53,254677.75
10,66,254677.75
10,79,254677.75
10,55,254677.75
10,49,254677.75
10,26,254677.75
10,72,254677.75
10,83,254677.75
10,52,254677.75
10,77,254677.75
10,62,254677.75
10,38,254677.75
10,84,254677.75
10,35,254677.75
10,40,254677.75
10,46,254677.75
10,65,254677.75
10,29,254677.75
10,45,254677.75
10,81,254677.75
10,88,254677.75
10,37,254677.75
10,67,254677.75
10,39,254677.75
10,70,254677.75
10,50,254677.75
10,75,254677.75
10,27,254677.75
10,48,254677.75
10,58,254677.75
10,86,254677.75
10,33,254677.75
10,87,254677.75
10,60,254677.75
10,64,254677.75
10,31,254677.75
10,36,254677.75
10,57,254677.75
10,68,254677.75
10,90,254677.75
10,61,254677.75
10,44,254677.75
10,43,254677.75
10,63,254677.75
10,56,254677.75
10,32,254677.75
10,92,254677.75
10,28,254677.75
10,54,254677.75
10,47,254677.75
10,91,254677.75
10,69,254677.75
10,71,254677.75
10,80,254677.75
10,41,254677.75
0,53,1697851.6923076925
0,76,1697851.6923076925
0,85,1697851.6923076925
0,51,1697851.6923076925
0,78,1697851.6923076925
0,77,1697851.6923076925
0,59,1697851.6923076925
0,34,1697851.6923076925
0,49,1697851.6923076925
0,65,1697851.6923076925
0,73,1697851.6923076925
0,81,1697851.6923076925
0,66,1697851.6923076925
0,38,1697851.6923076925
0,82,1697851.6923076925
0,74,1697851.6923076925
0,52,1697851.6923076925
0,62,1697851.6923076925
0,26,1697851.6923076925
0,79,1697851.6923076925
0,30,1697851.6923076925
0,42,1697851.6923076925
0,89,1697851.6923076925
0,33,1697851.6923076925
0,55,1697851.6923076925
0,72,1697851.6923076925
0,29,1697851.6923076925
0,45,1697851.6923076925
0,46,1697851.6923076925
0,60,1697851.6923076925
0,39,1697851.6923076925
0,35,1697851.6923076925
0,88,1697851.6923076925
0,37,1697851.6923076925
0,84,1697851.6923076925
0,50,1697851.6923076925
0,67,1697851.6923076925
0,27,1697851.6923076925
0,48,1697851.6923076925
0,58,1697851.6923076925
0,40,1697851.6923076925
0,86,1697851.6923076925
0,87,1697851.6923076925
0,70,1697851.6923076925
0,83,1697851.6923076925
0,75,1697851.6923076925
0,64,1697851.6923076925
0,36,1697851.6923076925
0,57,1697851.6923076925
0,31,1697851.6923076925
0,90,1697851.6923076925
0,61,1697851.6923076925
0,68,1697851.6923076925
0,44,1697851.6923076925
0,43,1697851.6923076925
0,63,1697851.6923076925
0,56,1697851.6923076925
0,32,1697851.6923076925
0,92,1697851.6923076925
0,54,1697851.6923076925
0,28,1697851.6923076925
0,47,1697851.6923076925
0,91,1697851.6923076925
0,71,1697851.6923076925
0,80,1697851.6923076925
0,69,1697851.6923076925
0,41,1697851.6923076925
13,66,195252.9423076923
13,34,195252.9423076923
13,26,195252.9423076923
13,85,195252.9423076923
13,79,195252.9423076923
13,62,195252.9423076923
13,59,195252.9423076923
13,29,195252.9423076923
13,45,195252.9423076923
13,51,195252.9423076923
13,42,195252.9423076923
13,76,195252.9423076923
13,35,195252.9423076923
13,88,195252.9423076923
13,37,195252.9423076923
13,39,195252.9423076923
13,73,195252.9423076923
13,89,195252.9423076923
13,82,195252.9423076923
13,83,195252.9423076923
13,53,195252.9423076923
13,27,195252.9423076923
13,40,195252.9423076923
13,48,195252.9423076923
13,58,195252.9423076923
13,86,195252.9423076923
13,70,195252.9423076923
13,78,195252.9423076923
13,87,195252.9423076923
13,74,195252.9423076923
13,77,195252.9423076923
13,30,195252.9423076923
13,64,195252.9423076923
13,65,195252.9423076923
13,81,195252.9423076923
13,57,195252.9423076923
13,49,195252.9423076923
13,90,195252.9423076923
13,52,195252.9423076923
13,55,195252.9423076923
13,72,195252.9423076923
13,38,195252.9423076923
13,61,195252.9423076923
13,84,195252.9423076923
13,33,195252.9423076923
13,46,195252.9423076923
13,44,195252.9423076923
13,43,195252.9423076923
13,60,195252.9423076923
13,67,195252.9423076923
13,50,195252.9423076923
13,75,195252.9423076923
13,63,195252.9423076923
13,56,195252.9423076923
13,32,195252.9423076923
13,92,195252.9423076923
13,31,195252.9423076923
13,54,195252.9423076923
13,28,195252.9423076923
13,47,195252.9423076923
13,36,195252.9423076923
13,68,195252.9423076923
13,91,195252.9423076923
13,71,195252.9423076923
13,80,195252.9423076923
13,41,195252.9423076923
13,69,195252.9423076923
25,53,43295.21153846154
25,76,43295.21153846154
25,77,43295.21153846154
25,51,43295.21153846154
25,78,43295.21153846154
25,65,43295.21153846154
25,85,43295.21153846154
25,81,43295.21153846154
25,34,43295.21153846154
25,49,43295.21153846154
25,59,43295.21153846154
25,73,43295.21153846154
25,38,43295.21153846154
25,82,43295.21153846154
25,66,43295.21153846154
25,74,43295.21153846154
25,33,43295.21153846154
25,52,43295.21153846154
25,62,43295.21153846154
25,30,43295.21153846154
25,26,43295.21153846154
25,60,43295.21153846154
25,89,43295.21153846154
25,55,43295.21153846154
25,79,43295.21153846154
25,72,43295.21153846154
25,46,43295.21153846154
25,29,43295.21153846154
25,45,43295.21153846154
25,84,43295.21153846154
25,39,43295.21153846154
25,42,43295.21153846154
25,35,43295.21153846154
25,88,43295.21153846154
25,37,43295.21153846154
25,67,43295.21153846154
25,50,43295.21153846154
25,87,43295.21153846154
25,27,43295.21153846154
25,40,43295.21153846154
25,48,43295.21153846154
25,58,43295.21153846154
25,86,43295.21153846154
25,83,43295.21153846154
25,70,43295.21153846154
25,75,43295.21153846154
25,36,43295.21153846154
25,64,43295.21153846154
25,57,43295.21153846154
25,31,43295.21153846154
25,90,43295.21153846154
25,61,43295.21153846154
25,68,43295.21153846154
25,44,43295.21153846154
25,43,43295.21153846154
25,63,43295.21153846154
25,56,43295.21153846154
25,32,43295.21153846154
25,92,43295.21153846154
25,28,43295.21153846154
25,54,43295.21153846154
25,47,43295.21153846154
25,91,43295.21153846154
25,69,43295.21153846154
25,71,43295.21153846154
25,80,43295.21153846154
25,41,43295.21153846154
